_id,actual_price,average_rating,brand,category,crawled_at,description,discount,images,out_of_stock,pid,product_details,seller,selling_price,sub_category,title,url
ed89e6de-0339-500a-bb56-03f7b558d9b4,"1,989",2.8,A,Clothing and Accessories,"02/11/2021, 00:35:16",ATM DENIM SHIRT FULL SLEEVE DENIM SHIRT,55% off,"['https://rukminim1.flixcart.com/image/128/128/k0lbdzk0/shirt/z/d/b/xl-tm-013-db-h-s-shirt-atm-original-imafj2g5457k36bs.jpeg?q=70', 'https://rukminim1.flixcart.com/image/128/128/jyyqc280/shirt/z/d/b/m-tm-013-db-h-s-shirt-atm-original-imafj2g4wjwnqfbu.jpeg?q=70', 'https://rukminim1.flixcart.com/image/128/128/k0lbdzk0/shirt/z/d/b/xl-tm-013-db-h-s-shirt-atm-original-imafj2g5ngtugzk4.jpeg?q=70', 'https://rukminim1.flixcart.com/image/128/128/k0lbdzk0/shirt/z/d/b/xl-tm-013-db-h-s-shirt-atm-original-imafj2g5fgdzya7y.jpeg?q=70']",FALSE,SHTFJ2GMHK5ZTZDB,"[{'Pack of': '1'}, {'Model Name': 'ATM_030_DB_F/S'}, {'Style Code': 'TM_013_DB_H/S_SHIRT'}, {'Fit': 'Slim'}, {'Fabric': 'Denim'}, {'Sleeve': 'Short Sleeve'}, {'Pattern': 'Self Design'}, {'Reversible': 'No'}, {'Collar': 'Slim'}, {'Color': 'Blue'}, {'Fabric Care': 'Regular Machine Wash, Do not bleach, Dry in shade'}, {'Suitable For': 'Western Wear'}, {'Hem': 'Curved'}, {'Generic Name': 'Shirt'}, {'Country of Origin': 'India'}]",ARYACITION,891,Topwear,Men Slim Fit Self Design Slim Collar Casual Shirt,https://www.flipkart.com/atm-men-self-design-casual-blue-shirt/p/itm0358462c443d3?pid=SHTFJ2GMHK5ZTZDB&lid=LSTSHTFJ2GMHK5ZTZDB3A9HFY&marketplace=FLIPKART&srno=b_5_165&otracker=browse&fm=organic&iid=21b2e6de-761e-44e0-8c26-2239a1f1b5da.SHTFJ2GMHK5ZTZDB.SEARCH&ssid=g6gqxaomds0000001612096278103
5864b48d-0897-52cc-9149-348adcd9309f,"1,999",4,A,Clothing and Accessories,"02/11/2021, 00:35:17",ATM DENIM SHIRT FULL SLEEVE DENIM SHIRT,50% off,"['https://rukminim1.flixcart.com/image/128/128/jylvde80/shirt/r/2/6/l-tm-030-db-f-s-atm-original-imafgseqkqgrutkz.jpeg?q=70', 'https://rukminim1.flixcart.com/image/128/128/jylvde80/shirt/r/2/6/xl-tm-030-db-f-s-atm-original-imafgserggphxghe.jpeg?q=70', 'https://rukminim1.flixcart.com/image/128/128/jylvde80/shirt/r/2/6/xl-tm-030-db-f-s-atm-original-imafgserczd38edr.jpeg?q=70', 'https://rukminim1.flixcart.com/image/128/128/jylvde80/shirt/r/2/6/xl-tm-030-db-f-s-atm-original-imafgses3s8shjjf.jpeg?q=70']",FALSE,SHTFGSUYMY2VRU85,"[{'Pack of': '1'}, {'Model Name': 'ATM_030_DB_F/S'}, {'Style Code': 'TM_030_DB_F/S'}, {'Fit': 'Slim'}, {'Fabric': 'Denim'}, {'Sleeve': 'Full Sleeve'}, {'Pattern': 'Solid'}, {'Reversible': 'No'}, {'Collar': 'Built-up'}, {'Color': 'Dark Blue'}, {'Fabric Care': 'Regular Machine Wash, Do not bleach, Dry in shade'}, {'Suitable For': 'Western Wear'}, {'Generic Name': 'Shirt'}, {'Country of Origin': 'India'}]",ARYACITION,999,Topwear,Men Slim Fit Solid Built-up Collar Casual Shirt,https://www.flipkart.com/atm-men-solid-casual-dark-blue-shirt/p/itm6fdb9b010c674?pid=SHTFGSUYMY2VRU85&lid=LSTSHTFGSUYMY2VRU85YBYM5L&marketplace=FLIPKART&srno=b_5_167&otracker=browse&fm=organic&iid=21b2e6de-761e-44e0-8c26-2239a1f1b5da.SHTFGSUYMY2VRU85.SEARCH&ssid=g6gqxaomds0000001612096278103
cc9b3934-a4c3-5516-9feb-6d7aa87a27dd,"1,999",4,A,Clothing and Accessories,"02/11/2021, 00:35:19",ATM DENIM SHIRT FULL SLEEVE DENIM SHIRT,50% off,"['https://rukminim1.flixcart.com/image/128/128/jylvde80/shirt/h/e/n/2xl-atm-030-db-f-s-atm-original-imafgseqkqgrutkz.jpeg?q=70', 'https://rukminim1.flixcart.com/image/128/128/jylvde80/shirt/h/e/n/2xl-atm-030-db-f-s-atm-original-imafgserggphxghe.jpeg?q=70', 'https://rukminim1.flixcart.com/image/128/128/jylvde80/shirt/h/e/n/2xl-atm-030-db-f-s-atm-original-imafgserczd38edr.jpeg?q=70', 'https://rukminim1.flixcart.com/image/128/128/jylvde80/shirt/h/e/n/2xl-atm-030-db-f-s-atm-original-imafgses3s8shjjf.jpeg?q=70']",FALSE,SHTFGSGAR8ZFZQKE,"[{'Pack of': '1'}, {'Model Name': 'ATM_030_DB_F/S'}, {'Style Code': 'ATM_030_DB_F/S'}, {'Fit': 'Slim'}, {'Fabric': 'Denim'}, {'Sleeve': 'Full Sleeve'}, {'Pattern': 'Solid'}, {'Reversible': 'No'}, {'Collar': 'Built-up'}, {'Color': 'Dark Blue'}, {'Fabric Care': 'Regular Machine Wash, Do not bleach, Dry in shade'}, {'Suitable For': 'Western Wear'}, {'Generic Name': 'Shirt'}, {'Country of Origin': 'India'}]",ARYACITION,999,Topwear,Men Slim Fit Solid Built-up Collar Casual Shirt,https://www.flipkart.com/atm-men-solid-casual-dark-blue-shirt/p/itm1446d1e42841f?pid=SHTFGSGAR8ZFZQKE&lid=LSTSHTFGSGAR8ZFZQKEKLWMO2&marketplace=FLIPKART&srno=b_5_170&otracker=browse&fm=organic&iid=21b2e6de-761e-44e0-8c26-2239a1f1b5da.SHTFGSGAR8ZFZQKE.SEARCH&ssid=g6gqxaomds0000001612096278103
ab983529-ece6-5285-847f-ba22f4384cbc,"2,999",2.8,A,Clothing and Accessories,"02/11/2021, 00:33:56","ATM SHIRTS offers quality casual wear in the widest variety which makes it easy to choose, at prices that are easy to reach and excellent service support which makes shopping easy to enjoy. ATM SHIRTS products are made of premium fabrics to ensure the best quality and great comfort. ATM SHIRTS deals in Men's Printed T-Shirts, Full Sleeve T-shirts, Polo T-Shirts, shirts for Mens, Shirts and Jeans and we will be adding more products to keep you updated with trends. ATM SHIRTS keeps inventing to help you keep inventing exciting new experiences in your life!",66% off,"['https://rukminim1.flixcart.com/image/128/128/kfr5le80-0/shirt/y/c/n/xxl-3024-xxl-atm-original-imafw5yqvkrwh3rb.jpeg?q=70', 'https://rukminim1.flixcart.com/image/128/128/k612pow0/shirt/h/r/v/m-m20-3024-ltt-blue-forever-young-original-imafnryaafzgvzup.jpeg?q=70', 'https://rukminim1.flixcart.com/image/128/128/kdqa4y80-0/shirt/k/k/k/xl-ice-indigo-denim-shirt-grand-stitch-original-imafukkxuephgwek.jpeg?q=70', 'https://rukminim1.flixcart.com/image/128/128/k612pow0/shirt/h/r/v/xxl-m20-3024-ltt-blue-forever-young-original-imafnrya82yx6gyh.jpeg?q=70', 'https://rukminim1.flixcart.com/image/128/128/k612pow0/shirt/h/r/v/l-m20-3024-ltt-blue-forever-young-original-imafnryatvjfntrt.jpeg?q=70', 'https://rukminim1.flixcart.com/image/128/128/k612pow0/shirt/h/r/v/m-m20-3024-ltt-blue-forever-young-original-imafnryaygg7rwqa.jpeg?q=70', 'https://rukminim1.flixcart.com/image/128/128/k612pow0/shirt/h/r/v/l-m20-3024-ltt-blue-forever-young-original-imafnryatxjfxqc9.jpeg?q=70']",FALSE,SHTFW5YQATFUHRHD,"[{'Pack of': '1'}, {'Style Code': '3024_XXL'}, {'Closure': 'Button'}, {'Fit': 'Regular'}, {'Fabric': 'Denim'}, {'Sleeve': 'Full Sleeve'}, {'Pattern': 'Solid'}, {'Reversible': 'No'}, {'Collar': 'Slim'}, {'Color': 'Light Blue'}, {'Fabric Care': 'Gentle Machine Wash'}, {'Suitable For': 'Western Wear'}, {'Hem': 'Curved'}]",ARYACITION,999,Topwear,Men Regular Fit Solid Slim Collar Casual Shirt,https://www.flipkart.com/atm-men-solid-casual-light-blue-shirt/p/itm5510861d9e171?pid=SHTFW5YQATFUHRHD&lid=LSTSHTFW5YQATFUHRHD178QE6&marketplace=FLIPKART&srno=b_1_5&otracker=browse&fm=organic&iid=ca9986f0-ce96-424c-a712-8364f722f499.SHTFW5YQATFUHRHD.SEARCH&ssid=m4am6k5qyo0000001612096274880
84271474-e37e-5bdb-82ff-1b3139dc1790,"2,999",2.8,A,Clothing and Accessories,"02/11/2021, 00:33:57","ATM SHIRTS offers quality casual wear in the widest variety which makes it easy to choose, at prices that are easy to reach and excellent service support which makes shopping easy to enjoy. ATM SHIRTS products are made of premium fabrics to ensure the best quality and great comfort. ATM SHIRTS deals in Men's Printed T-Shirts, Full Sleeve T-shirts, Polo T-Shirts, shirts for Mens, Shirts and Jeans and we will be adding more products to keep you updated with trends. ATM SHIRTS keeps inventing to help you keep inventing exciting new experiences in your life!",66% off,"['https://rukminim1.flixcart.com/image/128/128/kfyasnk0-0/shirt/h/p/f/xxl-9049-xl-grand-stitch-original-imafwarpwjgtkrgr.jpeg?q=70', 'https://rukminim1.flixcart.com/image/128/128/kfyasnk0-0/shirt/s/r/7/xxl-9049-xl-grand-stitch-original-imafwarpb6dpbr8j.jpeg?q=70', 'https://rukminim1.flixcart.com/image/128/128/kfyasnk0-0/shirt/f/h/n/xxl-9049-xl-grand-stitch-original-imafwarpevcveq8s.jpeg?q=70', 'https://rukminim1.flixcart.com/image/128/128/kfyasnk0-0/shirt/z/j/n/xxl-9049-xl-grand-stitch-original-imafwarpyzw3bdny.jpeg?q=70']",FALSE,SHTFXY4MHVZSDSEQ,"[{'Pack of': '1'}, {'Style Code': '9049_XXL'}, {'Fit': 'Regular'}, {'Fabric': 'Denim'}, {'Sleeve': '3/4th Sleeve'}, {'Pattern': 'Solid'}, {'Reversible': 'No'}, {'Collar': 'Spread'}, {'Color': 'Black'}, {'Fabric Care': 'Gentle Machine Wash'}, {'Suitable For': 'Western Wear'}, {'Hem': 'Curved'}]",ARYACITION,999,Topwear,Men Regular Fit Solid Spread Collar Casual Shirt,https://www.flipkart.com/atm-men-solid-casual-black-shirt/p/itm025ae2c6593b8?pid=SHTFXY4MHVZSDSEQ&lid=LSTSHTFXY4MHVZSDSEQCECDQA&marketplace=FLIPKART&srno=b_1_7&otracker=browse&fm=organic&iid=ca9986f0-ce96-424c-a712-8364f722f499.SHTFXY4MHVZSDSEQ.SEARCH&ssid=m4am6k5qyo0000001612096274880
7fe233bc-cdd8-5d60-a2ec-ba8a89593f7b,"2,999",2.8,A,Clothing and Accessories,"02/11/2021, 00:33:58","ATM SHIRTS offers quality casual wear in the widest variety which makes it easy to choose, at prices that are easy to reach and excellent service support which makes shopping easy to enjoy. ATM SHIRTS products are made of premium fabrics to ensure the best quality and great comfort. ATM SHIRTS deals in Men's Printed T-Shirts, Full Sleeve T-shirts, Polo T-Shirts, shirts for Mens, Shirts and Jeans and we will be adding more products to keep you updated with trends. ATM SHIRTS keeps inventing to help you keep inventing exciting new experiences in your life!",66% off,"['https://rukminim1.flixcart.com/image/128/128/kfr5le80-0/shirt/t/j/i/l-3053-l-atm-original-imafw5yqg9qwemqf.jpeg?q=70', 'https://rukminim1.flixcart.com/image/128/128/k612pow0/shirt/c/j/r/l-m24-3053-blue-forever-young-original-imafnxskgc8svs4p.jpeg?q=70', 'https://rukminim1.flixcart.com/image/128/128/k612pow0/shirt/c/j/r/l-m24-3053-blue-forever-young-original-imafnxsk5jzbdazh.jpeg?q=70', 'https://rukminim1.flixcart.com/image/128/128/k612pow0/shirt/c/j/r/xxl-m24-3053-blue-forever-young-original-imafnxsktujvkhxh.jpeg?q=70', 'https://rukminim1.flixcart.com/image/128/128/k612pow0/shirt/c/j/r/l-m24-3053-blue-forever-young-original-imafnxskpjencmx7.jpeg?q=70']",FALSE,SHTFW5YQP7EGNSWD,"[{'Pack of': '1'}, {'Style Code': '3053_XXL'}, {'Closure': 'Button'}, {'Fit': 'Regular'}, {'Fabric': 'Denim'}, {'Sleeve': 'Half Sleeve'}, {'Pattern': 'Washed'}, {'Reversible': 'No'}, {'Collar': 'Slim'}, {'Color': 'Blue'}, {'Fabric Care': 'Gentle Machine Wash'}, {'Suitable For': 'Western Wear'}, {'Hem': 'Curved'}]",ARYACITION,999,Topwear,Men Regular Fit Washed Slim Collar Casual Shirt,https://www.flipkart.com/atm-men-washed-casual-blue-shirt/p/itm6dfc20e062990?pid=SHTFW5YQP7EGNSWD&lid=LSTSHTFW5YQP7EGNSWDH0GZLL&marketplace=FLIPKART&srno=b_1_8&otracker=browse&fm=organic&iid=ca9986f0-ce96-424c-a712-8364f722f499.SHTFW5YQP7EGNSWD.SEARCH&ssid=m4am6k5qyo0000001612096274880
3729788d-892e-50a2-bbcb-b414a6a14a0e,"2,999",2.8,A,Clothing and Accessories,"02/11/2021, 00:33:58","ATM SHIRTS offers quality casual wear in the widest variety which makes it easy to choose, at prices that are easy to reach and excellent service support which makes shopping easy to enjoy. ATM SHIRTS products are made of premium fabrics to ensure the best quality and great comfort. ATM SHIRTS deals in Men's Printed T-Shirts, Full Sleeve T-shirts, Polo T-Shirts, shirts for Mens, Shirts and Jeans and we will be adding more products to keep you updated with trends. ATM SHIRTS keeps inventing to help you keep inventing exciting new experiences in your life!",66% off,"['https://rukminim1.flixcart.com/image/128/128/kfr5le80-0/shirt/x/c/h/xxl-3051-xxl-atm-original-imafw5yqnfekzzar.jpeg?q=70', 'https://rukminim1.flixcart.com/image/128/128/k612pow0/shirt/r/b/v/m-m23-3051-dk-blue-forever-young-original-imafnxwxbeypmbqz.jpeg?q=70', 'https://rukminim1.flixcart.com/image/128/128/k612pow0/shirt/r/b/v/xxl-m23-3051-dk-blue-forever-young-original-imafnxwxeheypzm7.jpeg?q=70', 'https://rukminim1.flixcart.com/image/128/128/k612pow0/shirt/r/b/v/xxl-m23-3051-dk-blue-forever-young-original-imafnxwxuhgcg3fm.jpeg?q=70', 'https://rukminim1.flixcart.com/image/128/128/k612pow0/shirt/r/b/v/l-m23-3051-dk-blue-forever-young-original-imafnxwxncdbctzg.jpeg?q=70']",FALSE,SHTFW5YQZGWHZPCJ,"[{'Pack of': '1'}, {'Style Code': '3051_L'}, {'Closure': 'Button'}, {'Fit': 'Regular'}, {'Fabric': 'Denim'}, {'Sleeve': 'Full Sleeve'}, {'Pattern': 'Washed'}, {'Reversible': 'No'}, {'Collar': 'Mandarin'}, {'Color': 'Blue'}, {'Fabric Care': 'Gentle Machine Wash'}, {'Suitable For': 'Western Wear'}, {'Hem': 'Curved'}]",ARYACITION,999,Topwear,Men Regular Fit Washed Mandarin Collar Casual Shirt,https://www.flipkart.com/atm-men-washed-casual-blue-shirt/p/itmd63faf2809823?pid=SHTFW5YQZGWHZPCJ&lid=LSTSHTFW5YQZGWHZPCJAHGSHM&marketplace=FLIPKART&srno=b_1_10&otracker=browse&fm=organic&iid=ca9986f0-ce96-424c-a712-8364f722f499.SHTFW5YQZGWHZPCJ.SEARCH&ssid=m4am6k5qyo0000001612096274880
831841c0-d3e0-560f-aaf6-f297fe31da7a,"2,499",2.8,A,Clothing and Accessories,"02/11/2021, 00:34:04","ATM SHIRTS offers quality casual wear in the widest variety which makes it easy to choose, at prices that are easy to reach and excellent service support which makes shopping easy to enjoy. ATM SHIRTS products are made of premium fabrics to ensure the best quality and great comfort. ATM SHIRTS deals in Men's Printed T-Shirts, Full Sleeve T-shirts, Polo T-Shirts, shirts for Mens, Shirts and Jeans and we will be adding more products to keep you updated with trends. ATM SHIRTS keeps inventing to help you keep inventing exciting new experiences in your life!",64% off,"['https://rukminim1.flixcart.com/image/128/128/kgjqefk0-0/shirt/f/t/f/l-1010-black-l-atm-original-imafwr9vftfefuwz.jpeg?q=70', 'https://rukminim1.flixcart.com/image/128/128/kgjqefk0-0/shirt/b/5/g/xl-1010-black-xl-atm-original-imafwr9w6xknxtdu.jpeg?q=70', 'https://rukminim1.flixcart.com/image/128/128/kgjqefk0-0/shirt/e/d/m/xl-1010-black-xl-atm-original-imafwr9whasgtuj3.jpeg?q=70', 'https://rukminim1.flixcart.com/image/128/128/kgjqefk0-0/shirt/m/4/a/xl-1010-black-xl-atm-original-imafwr9whafbhpf9.jpeg?q=70', 'https://rukminim1.flixcart.com/image/128/128/kgjqefk0-0/shirt/t/o/5/l-1010-black-l-atm-original-imafwr9vtdwnrsbn.jpeg?q=70']",FALSE,SHTFWSD3GXZMDYEF,"[{'Pack of': '1'}, {'Style Code': '1004'}, {'Fit': 'Regular'}, {'Fabric': 'Pure Cotton'}, {'Sleeve': '3/4th Sleeve'}, {'Pattern': 'Solid'}, {'Reversible': 'Yes'}, {'Color': 'Orange'}, {'Fabric Care': 'Gentle Machine Wash'}, {'Suitable For': 'Western Wear'}]",ARYACITION,899,Topwear,Men Regular Fit Solid Casual Shirt,https://www.flipkart.com/atm-men-solid-casual-orange-shirt/p/itm6f926af80c7ea?pid=SHTFWSD3GXZMDYEF&lid=LSTSHTFWSD3GXZMDYEFRH9YA1&marketplace=FLIPKART&srno=b_1_21&otracker=browse&fm=organic&iid=ca9986f0-ce96-424c-a712-8364f722f499.SHTFWSD3GXZMDYEF.SEARCH&ssid=m4am6k5qyo0000001612096274880
5eacdd4e-3cf8-537a-b67d-037accf84442,"2,499",2.8,A,Clothing and Accessories,"02/11/2021, 00:34:05","ATM SHIRTS offers quality casual wear in the widest variety which makes it easy to choose, at prices that are easy to reach and excellent service support which makes shopping easy to enjoy. ATM SHIRTS products are made of premium fabrics to ensure the best quality and great comfort. ATM SHIRTS deals in Men's Printed T-Shirts, Full Sleeve T-shirts, Polo T-Shirts, shirts for Mens, Shirts and Jeans and we will be adding more products to keep you updated with trends. ATM SHIRTS keeps inventing to help you keep inventing exciting new experiences in your life!",64% off,"['https://rukminim1.flixcart.com/image/128/128/kgjqefk0-0/shirt/l/k/d/l-1002-pink-l-atm-original-imafwr9vyfpgbzeu.jpeg?q=70', 'https://rukminim1.flixcart.com/image/128/128/kgjqefk0-0/shirt/y/1/l/s-1002-pink-s-atm-original-imafwr9vsv7czheu.jpeg?q=70', 'https://rukminim1.flixcart.com/image/128/128/kgjqefk0-0/shirt/a/k/0/l-1002-pink-l-atm-original-imafwr9vhzvq5qdg.jpeg?q=70', 'https://rukminim1.flixcart.com/image/128/128/kgjqefk0-0/shirt/j/l/q/l-1002-pink-l-atm-original-imafwr9vfvrpntxp.jpeg?q=70', 'https://rukminim1.flixcart.com/image/128/128/kgjqefk0-0/shirt/d/8/z/l-1002-pink-l-atm-original-imafwr9vgzhdz69m.jpeg?q=70']",FALSE,SHTFWSD32NYNX2PQ,"[{'Pack of': '1'}, {'Style Code': '1002'}, {'Fit': 'Regular'}, {'Fabric': 'Pure Cotton'}, {'Sleeve': '3/4th Sleeve'}, {'Pattern': 'Solid'}, {'Reversible': 'Yes'}, {'Color': 'Orange'}, {'Fabric Care': 'Gentle Machine Wash'}, {'Suitable For': 'Western Wear'}]",ARYACITION,899,Topwear,Men Regular Fit Solid Casual Shirt,https://www.flipkart.com/atm-men-solid-casual-orange-shirt/p/itm759c106b80f6c?pid=SHTFWSD32NYNX2PQ&lid=LSTSHTFWSD32NYNX2PQOO4GG4&marketplace=FLIPKART&srno=b_1_22&otracker=browse&fm=organic&iid=ca9986f0-ce96-424c-a712-8364f722f499.SHTFWSD32NYNX2PQ.SEARCH&ssid=m4am6k5qyo0000001612096274880
3370c45f-a835-57bb-b785-ca54ea4c5830,"2,499",2.8,A,Clothing and Accessories,"02/11/2021, 00:34:05","ATM SHIRTS offers quality casual wear in the widest variety which makes it easy to choose, at prices that are easy to reach and excellent service support which makes shopping easy to enjoy. ATM SHIRTS products are made of premium fabrics to ensure the best quality and great comfort. ATM SHIRTS deals in Men's Printed T-Shirts, Full Sleeve T-shirts, Polo T-Shirts, shirts for Mens, Shirts and Jeans and we will be adding more products to keep you updated with trends. ATM SHIRTS keeps inventing to help you keep inventing exciting new experiences in your life!",64% off,"['https://rukminim1.flixcart.com/image/128/128/kgjqefk0-0/shirt/r/2/n/l-1008-skyblue-l-atm-original-imafwr9vvvzfbdcv.jpeg?q=70', 'https://rukminim1.flixcart.com/image/128/128/kgjqefk0-0/shirt/r/i/j/xl-1009-skyblue-xl-atm-original-imafwr9vcptgm7tp.jpeg?q=70', 'https://rukminim1.flixcart.com/image/128/128/kgjqefk0-0/shirt/f/h/7/m-1007-skyblue-m-atm-original-imafwr9vwguapyx9.jpeg?q=70', 'https://rukminim1.flixcart.com/image/128/128/kgjqefk0-0/shirt/i/h/4/xl-1009-skyblue-xl-atm-original-imafwr9vx9xr3fsy.jpeg?q=70', 'https://rukminim1.flixcart.com/image/128/128/kgjqefk0-0/shirt/t/v/a/l-1008-skyblue-l-atm-original-imafwr9vchgsqemb.jpeg?q=70']",FALSE,SHTFWSD3DJWS77XZ,"[{'Pack of': '1'}, {'Style Code': '1004'}, {'Fit': 'Regular'}, {'Fabric': 'Pure Cotton'}, {'Sleeve': 'Full Sleeve'}, {'Pattern': 'Solid'}, {'Reversible': 'Yes'}, {'Color': 'Orange'}, {'Fabric Care': 'Gentle Machine Wash'}, {'Suitable For': 'Western Wear'}]",ARYACITION,899,Topwear,Men Regular Fit Solid Casual Shirt,https://www.flipkart.com/atm-men-solid-casual-orange-shirt/p/itmcd031229ba245?pid=SHTFWSD3DJWS77XZ&lid=LSTSHTFWSD3DJWS77XZP7G2TM&marketplace=FLIPKART&srno=b_1_23&otracker=browse&fm=organic&iid=ca9986f0-ce96-424c-a712-8364f722f499.SHTFWSD3DJWS77XZ.SEARCH&ssid=m4am6k5qyo0000001612096274880
eb243afc-dc93-5364-bea1-5713cfc81788,"2,499",2.8,A,Clothing and Accessories,"02/11/2021, 00:34:06","ATM SHIRTS offers quality casual wear in the widest variety which makes it easy to choose, at prices that are easy to reach and excellent service support which makes shopping easy to enjoy. ATM SHIRTS products are made of premium fabrics to ensure the best quality and great comfort. ATM SHIRTS deals in Men's Printed T-Shirts, Full Sleeve T-shirts, Polo T-Shirts, shirts for Mens, Shirts and Jeans and we will be adding more products to keep you updated with trends. ATM SHIRTS keeps inventing to help you keep inventing exciting new experiences in your life!",64% off,"['https://rukminim1.flixcart.com/image/128/128/kgjqefk0-0/shirt/3/r/v/xl-1010-orange-xl-atm-original-imafwr9vrf6fhmwh.jpeg?q=70', 'https://rukminim1.flixcart.com/image/128/128/kgjqefk0-0/shirt/c/r/o/xl-1010-orange-xl-atm-original-imafwr9vvxh3cdhg.jpeg?q=70', 'https://rukminim1.flixcart.com/image/128/128/kgjqefk0-0/shirt/c/m/l/xl-1010-orange-xl-atm-original-imafwr9vxafhv87q.jpeg?q=70', 'https://rukminim1.flixcart.com/image/128/128/kgjqefk0-0/shirt/v/3/c/xl-1010-orange-xl-atm-original-imafwr9vfjgffrax.jpeg?q=70', 'https://rukminim1.flixcart.com/image/128/128/kgjqefk0-0/shirt/j/b/b/xl-1010-orange-xl-atm-original-imafwr9vuqsjqjek.jpeg?q=70']",FALSE,SHTFWSD3GPZJGEHY,"[{'Pack of': '1'}, {'Style Code': '1004'}, {'Fit': 'Regular'}, {'Fabric': 'Pure Cotton'}, {'Sleeve': '3/4th Sleeve'}, {'Pattern': 'Solid'}, {'Reversible': 'Yes'}, {'Color': 'Orange'}, {'Fabric Care': 'Gentle Machine Wash'}, {'Suitable For': 'Western Wear'}]",ARYACITION,899,Topwear,Men Regular Fit Solid Casual Shirt,https://www.flipkart.com/atm-men-solid-casual-orange-shirt/p/itmfe3e7f434aeb0?pid=SHTFWSD3GPZJGEHY&lid=LSTSHTFWSD3GPZJGEHYTP46Z9&marketplace=FLIPKART&srno=b_1_24&otracker=browse&fm=organic&iid=ca9986f0-ce96-424c-a712-8364f722f499.SHTFWSD3GPZJGEHY.SEARCH&ssid=m4am6k5qyo0000001612096274880
64d1552e-30bf-569f-aaad-c6e024be5605,"2,499",2.8,A,Clothing and Accessories,"02/11/2021, 00:34:06","ATM SHIRTS offers quality casual wear in the widest variety which makes it easy to choose, at prices that are easy to reach and excellent service support which makes shopping easy to enjoy. ATM SHIRTS products are made of premium fabrics to ensure the best quality and great comfort. ATM SHIRTS deals in Men's Printed T-Shirts, Full Sleeve T-shirts, Polo T-Shirts, shirts for Mens, Shirts and Jeans and we will be adding more products to keep you updated with trends. ATM SHIRTS keeps inventing to help you keep inventing exciting new experiences in your life!",60% off,"['https://rukminim1.flixcart.com/image/128/128/kgjqefk0-0/shirt/2/d/e/m-1003-blue-m-atm-original-imafwr9vapt5ptbe.jpeg?q=70', 'https://rukminim1.flixcart.com/image/128/128/kgjqefk0-0/shirt/0/l/h/m-1003-blue-m-atm-original-imafwr9venczzuch.jpeg?q=70', 'https://rukminim1.flixcart.com/image/128/128/kgjqefk0-0/shirt/j/d/1/m-1003-blue-m-atm-original-imafwr9vhy3pbzfh.jpeg?q=70', 'https://rukminim1.flixcart.com/image/128/128/kgjqefk0-0/shirt/w/f/z/m-1003-blue-m-atm-original-imafwr9vhphgdnk2.jpeg?q=70', 'https://rukminim1.flixcart.com/image/128/128/kgjqefk0-0/shirt/j/k/u/m-1003-blue-m-atm-original-imafwr9vkas4q3yb.jpeg?q=70', 'https://rukminim1.flixcart.com/image/128/128/kgjqefk0-0/shirt/z/p/a/m-1003-blue-m-atm-original-imafwr9vapppg6ga.jpeg?q=70']",FALSE,SHTFWR9V29MHWPUA,"[{'Pack of': '1'}, {'Style Code': '1003 BLUE_M'}, {'Fit': 'Regular'}, {'Fabric': 'Pure Cotton'}, {'Sleeve': 'Full Sleeve'}, {'Pattern': 'Solid'}, {'Reversible': 'Yes'}, {'Color': 'Blue'}, {'Fabric Care': 'Gentle Machine Wash'}, {'Suitable For': 'Western Wear'}]",ARYACITION,999,Topwear,Men Regular Fit Solid Casual Shirt,https://www.flipkart.com/atm-men-solid-casual-blue-shirt/p/itm7a6123df9ef21?pid=SHTFWR9V29MHWPUA&lid=LSTSHTFWR9V29MHWPUAXLOVOJ&marketplace=FLIPKART&srno=b_1_25&otracker=browse&fm=organic&iid=ca9986f0-ce96-424c-a712-8364f722f499.SHTFWR9V29MHWPUA.SEARCH&ssid=m4am6k5qyo0000001612096274880
ba3644b7-c8e0-5012-80ba-3cb637e360b9,"2,499",2.8,A,Clothing and Accessories,"02/11/2021, 00:34:07","ATM SHIRTS offers quality casual wear in the widest variety which makes it easy to choose, at prices that are easy to reach and excellent service support which makes shopping easy to enjoy. ATM SHIRTS products are made of premium fabrics to ensure the best quality and great comfort. ATM SHIRTS deals in Men's Printed T-Shirts, Full Sleeve T-shirts, Polo T-Shirts, shirts for Mens, Shirts and Jeans and we will be adding more products to keep you updated with trends. ATM SHIRTS keeps inventing to help you keep inventing exciting new experiences in your life!",64% off,"['https://rukminim1.flixcart.com/image/128/128/kgjqefk0-0/shirt/j/g/o/m-3002-m-atm-original-imafwrg6zfdqauya.jpeg?q=70', 'https://rukminim1.flixcart.com/image/128/128/k5o7r0w0/kurta/5/y/b/l-3002-l-grand-stitch-original-imafza8uzc5q2gtt.jpeg?q=70', 'https://rukminim1.flixcart.com/image/128/128/kgjqefk0-0/shirt/f/s/g/m-3002-m-atm-original-imafwrg6uzzdwy8y.jpeg?q=70', 'https://rukminim1.flixcart.com/image/128/128/k5o7r0w0/kurta/y/b/v/xl-3002-xl-grand-stitch-original-imafza8uhkz2kh4c.jpeg?q=70', 'https://rukminim1.flixcart.com/image/128/128/k5o7r0w0/kurta/5/y/b/l-3002-l-grand-stitch-original-imafza8uhn4ecetm.jpeg?q=70']",FALSE,SHTFWSD3FWKEVNUT,"[{'Pack of': '1'}, {'Style Code': '1004'}, {'Fit': 'Regular'}, {'Fabric': 'Pure Cotton'}, {'Sleeve': '3/4th Sleeve'}, {'Pattern': 'Solid'}, {'Reversible': 'Yes'}, {'Color': 'Orange'}, {'Fabric Care': 'Gentle Machine Wash'}, {'Suitable For': 'Western Wear'}]",ARYACITION,899,Topwear,Men Regular Fit Solid Casual Shirt,https://www.flipkart.com/atm-men-solid-casual-orange-shirt/p/itmd584440c6b1b2?pid=SHTFWSD3FWKEVNUT&lid=LSTSHTFWSD3FWKEVNUTP2XQKR&marketplace=FLIPKART&srno=b_1_26&otracker=browse&fm=organic&iid=ca9986f0-ce96-424c-a712-8364f722f499.SHTFWSD3FWKEVNUT.SEARCH&ssid=m4am6k5qyo0000001612096274880
66e1440b-b0f9-5f94-8c35-46b0b441599f,"2,499",2.8,A,Clothing and Accessories,"02/11/2021, 00:34:08","ATM SHIRTS offers quality casual wear in the widest variety which makes it easy to choose, at prices that are easy to reach and excellent service support which makes shopping easy to enjoy. ATM SHIRTS products are made of premium fabrics to ensure the best quality and great comfort. ATM SHIRTS deals in Men's Printed T-Shirts, Full Sleeve T-shirts, Polo T-Shirts, shirts for Mens, Shirts and Jeans and we will be adding more products to keep you updated with trends. ATM SHIRTS keeps inventing to help you keep inventing exciting new experiences in your life!",60% off,"['https://rukminim1.flixcart.com/image/128/128/kgjqefk0-0/shirt/3/r/v/xl-1010-orange-xl-atm-original-imafwr9vrf6fhmwh.jpeg?q=70', 'https://rukminim1.flixcart.com/image/128/128/kgjqefk0-0/shirt/c/r/o/xl-1010-orange-xl-atm-original-imafwr9vvxh3cdhg.jpeg?q=70', 'https://rukminim1.flixcart.com/image/128/128/kgjqefk0-0/shirt/j/b/b/xl-1010-orange-xl-atm-original-imafwr9vuqsjqjek.jpeg?q=70', 'https://rukminim1.flixcart.com/image/128/128/kgjqefk0-0/shirt/f/e/q/xl-1010-orange-xl-atm-original-imafwr9vhjugjkx3.jpeg?q=70', 'https://rukminim1.flixcart.com/image/128/128/kgjqefk0-0/shirt/c/m/l/xl-1010-orange-xl-atm-original-imafwr9vxafhv87q.jpeg?q=70', 'https://rukminim1.flixcart.com/image/128/128/kgjqefk0-0/shirt/v/3/c/xl-1010-orange-xl-atm-original-imafwr9vfjgffrax.jpeg?q=70']",FALSE,SHTFWR9VBNXUM5J2,"[{'Pack of': '1'}, {'Style Code': '1010 ORANGE_XL'}, {'Fit': 'Regular'}, {'Fabric': 'Pure Cotton'}, {'Sleeve': '3/4th Sleeve'}, {'Pattern': 'Solid'}, {'Reversible': 'Yes'}, {'Color': 'Orange'}, {'Fabric Care': 'Gentle Machine Wash'}, {'Suitable For': 'Western Wear'}]",ARYACITION,999,Topwear,Men Regular Fit Solid Casual Shirt,https://www.flipkart.com/atm-men-solid-casual-orange-shirt/p/itm9c26f4ea041ab?pid=SHTFWR9VBNXUM5J2&lid=LSTSHTFWR9VBNXUM5J226OZK2&marketplace=FLIPKART&srno=b_1_27&otracker=browse&fm=organic&iid=ca9986f0-ce96-424c-a712-8364f722f499.SHTFWR9VBNXUM5J2.SEARCH&ssid=m4am6k5qyo0000001612096274880
8613aa47-7f33-5a04-a1b9-47c313b4029d,"2,499",2.8,A,Clothing and Accessories,"02/11/2021, 00:34:08","ATM SHIRTS offers quality casual wear in the widest variety which makes it easy to choose, at prices that are easy to reach and excellent service support which makes shopping easy to enjoy. ATM SHIRTS products are made of premium fabrics to ensure the best quality and great comfort. ATM SHIRTS deals in Men's Printed T-Shirts, Full Sleeve T-shirts, Polo T-Shirts, shirts for Mens, Shirts and Jeans and we will be adding more products to keep you updated with trends. ATM SHIRTS keeps inventing to help you keep inventing exciting new experiences in your life!",60% off,"['https://rukminim1.flixcart.com/image/128/128/kgjqefk0-0/shirt/n/g/o/xl-1001-red-xl-atm-original-imafwr9vzwxk2sec.jpeg?q=70', 'https://rukminim1.flixcart.com/image/128/128/kgjqefk0-0/shirt/e/t/7/xl-1001-red-xl-atm-original-imafwr9v6pfbpny3.jpeg?q=70', 'https://rukminim1.flixcart.com/image/128/128/kgjqefk0-0/shirt/9/a/m/xl-1001-red-xl-atm-original-imafwr9vdftg7n9t.jpeg?q=70', 'https://rukminim1.flixcart.com/image/128/128/kgjqefk0-0/shirt/t/9/e/xl-1001-red-xl-atm-original-imafwr9vnpfpn4tv.jpeg?q=70', 'https://rukminim1.flixcart.com/image/128/128/kgjqefk0-0/shirt/1/l/q/xl-1001-red-xl-atm-original-imafwr9v5cbjr4zj.jpeg?q=70', 'https://rukminim1.flixcart.com/image/128/128/kgjqefk0-0/shirt/h/v/u/xl-1001-red-xl-atm-original-imafwr9v4mqkfjrt.jpeg?q=70']",FALSE,SHTFWR9VYY7RNYXT,"[{'Pack of': '1'}, {'Style Code': '1001 RED_S'}, {'Fit': 'Regular'}, {'Fabric': 'Pure Cotton'}, {'Sleeve': 'Full Sleeve'}, {'Pattern': 'Solid'}, {'Reversible': 'Yes'}, {'Color': 'Red'}, {'Fabric Care': 'Gentle Machine Wash'}, {'Suitable For': 'Western Wear'}]",ARYACITION,999,Topwear,Men Regular Fit Solid Casual Shirt,https://www.flipkart.com/atm-men-solid-casual-red-shirt/p/itm11974569f960c?pid=SHTFWR9VYY7RNYXT&lid=LSTSHTFWR9VYY7RNYXTXJVDSN&marketplace=FLIPKART&srno=b_1_28&otracker=browse&fm=organic&iid=ca9986f0-ce96-424c-a712-8364f722f499.SHTFWR9VYY7RNYXT.SEARCH&ssid=m4am6k5qyo0000001612096274880
4e92fabe-4d96-59e8-9e17-aeff4f50b45a,"2,499",2.8,A,Clothing and Accessories,"02/11/2021, 00:34:09","ATM SHIRTS offers quality casual wear in the widest variety which makes it easy to choose, at prices that are easy to reach and excellent service support which makes shopping easy to enjoy. ATM SHIRTS products are made of premium fabrics to ensure the best quality and great comfort. ATM SHIRTS deals in Men's Printed T-Shirts, Full Sleeve T-shirts, Polo T-Shirts, shirts for Mens, Shirts and Jeans and we will be adding more products to keep you updated with trends. ATM SHIRTS keeps inventing to help you keep inventing exciting new experiences in your life!",64% off,"['https://rukminim1.flixcart.com/image/128/128/kgjqefk0-0/shirt/b/s/9/l-1010-lemon-l-atm-original-imafwr9vfuxaqbgw.jpeg?q=70', 'https://rukminim1.flixcart.com/image/128/128/kgjqefk0-0/shirt/q/r/9/l-1010-lemon-l-atm-original-imafwr9vkwjutsey.jpeg?q=70', 'https://rukminim1.flixcart.com/image/128/128/kgjqefk0-0/shirt/9/e/v/l-1010-lemon-l-atm-original-imafwr9vu9gdgfgf.jpeg?q=70', 'https://rukminim1.flixcart.com/image/128/128/kgjqefk0-0/shirt/f/n/c/xl-1011-lemon-xl-atm-original-imafwr9va8fdhcsr.jpeg?q=70', 'https://rukminim1.flixcart.com/image/128/128/kgjqefk0-0/shirt/2/e/g/l-1010-lemon-l-atm-original-imafwr9v8rkhnh9f.jpeg?q=70']",FALSE,SHTFWSD3YCMRH5WP,"[{'Pack of': '1'}, {'Style Code': '1004'}, {'Fit': 'Regular'}, {'Fabric': 'Pure Cotton'}, {'Sleeve': 'Full Sleeve'}, {'Pattern': 'Solid'}, {'Reversible': 'Yes'}, {'Color': 'Orange'}, {'Fabric Care': 'Gentle Machine Wash'}, {'Suitable For': 'Western Wear'}]",ARYACITION,899,Topwear,Men Regular Fit Solid Casual Shirt,https://www.flipkart.com/atm-men-solid-casual-orange-shirt/p/itm9067e87ef00b9?pid=SHTFWSD3YCMRH5WP&lid=LSTSHTFWSD3YCMRH5WPHSZ6DZ&marketplace=FLIPKART&srno=b_1_29&otracker=browse&fm=organic&iid=ca9986f0-ce96-424c-a712-8364f722f499.SHTFWSD3YCMRH5WP.SEARCH&ssid=m4am6k5qyo0000001612096274880
9d2f5bba-d23e-5275-b9ee-847f0517f997,"2,499",2.8,A,Clothing and Accessories,"02/11/2021, 00:34:10","ATM SHIRTS offers quality casual wear in the widest variety which makes it easy to choose, at prices that are easy to reach and excellent service support which makes shopping easy to enjoy. ATM SHIRTS products are made of premium fabrics to ensure the best quality and great comfort. ATM SHIRTS deals in Men's Printed T-Shirts, Full Sleeve T-shirts, Polo T-Shirts, shirts for Mens, Shirts and Jeans and we will be adding more products to keep you updated with trends. ATM SHIRTS keeps inventing to help you keep inventing exciting new experiences in your life!",64% off,"['https://rukminim1.flixcart.com/image/128/128/kgjqefk0-0/shirt/v/p/f/xl-1012-dark-brown-xl-atm-original-imafwr9v4yywzqm2.jpeg?q=70', 'https://rukminim1.flixcart.com/image/128/128/kgjqefk0-0/shirt/1/a/t/xl-1012-dark-brown-xl-atm-original-imafwr9vw8jz47z8.jpeg?q=70', 'https://rukminim1.flixcart.com/image/128/128/kgjqefk0-0/shirt/4/x/m/xl-1012-dark-brown-xl-atm-original-imafwr9vfhq5wzfx.jpeg?q=70', 'https://rukminim1.flixcart.com/image/128/128/kgjqefk0-0/shirt/u/r/n/xl-1012-dark-brown-xl-atm-original-imafwr9vjyzc6vdz.jpeg?q=70', 'https://rukminim1.flixcart.com/image/128/128/kgjqefk0-0/shirt/b/s/f/xl-1012-dark-brown-xl-atm-original-imafwr9vrenzq4g4.jpeg?q=70']",FALSE,SHTFWSD3TF53W3RT,"[{'Pack of': '1'}, {'Style Code': '1004'}, {'Fit': 'Regular'}, {'Fabric': 'Pure Cotton'}, {'Sleeve': '3/4th Sleeve'}, {'Pattern': 'Solid'}, {'Reversible': 'Yes'}, {'Color': 'Orange'}, {'Fabric Care': 'Gentle Machine Wash'}, {'Suitable For': 'Western Wear'}]",ARYACITION,899,Topwear,Men Regular Fit Solid Casual Shirt,https://www.flipkart.com/atm-men-solid-casual-orange-shirt/p/itm60a29ff8d2df5?pid=SHTFWSD3TF53W3RT&lid=LSTSHTFWSD3TF53W3RTSA9X3S&marketplace=FLIPKART&srno=b_1_30&otracker=browse&fm=organic&iid=ca9986f0-ce96-424c-a712-8364f722f499.SHTFWSD3TF53W3RT.SEARCH&ssid=m4am6k5qyo0000001612096274880
4a1e8cb3-6f91-52d8-b026-a98500113c58,"2,499",2.8,A,Clothing and Accessories,"02/11/2021, 00:34:10","ATM SHIRTS offers quality casual wear in the widest variety which makes it easy to choose, at prices that are easy to reach and excellent service support which makes shopping easy to enjoy. ATM SHIRTS products are made of premium fabrics to ensure the best quality and great comfort. ATM SHIRTS deals in Men's Printed T-Shirts, Full Sleeve T-shirts, Polo T-Shirts, shirts for Mens, Shirts and Jeans and we will be adding more products to keep you updated with trends. ATM SHIRTS keeps inventing to help you keep inventing exciting new experiences in your life!",60% off,"['https://rukminim1.flixcart.com/image/128/128/kgjqefk0-0/shirt/9/a/m/xl-1001-red-xl-atm-original-imafwr9vdftg7n9t.jpeg?q=70', 'https://rukminim1.flixcart.com/image/128/128/kgjqefk0-0/shirt/e/t/7/xl-1001-red-xl-atm-original-imafwr9v6pfbpny3.jpeg?q=70', 'https://rukminim1.flixcart.com/image/128/128/kgjqefk0-0/shirt/n/g/o/xl-1001-red-xl-atm-original-imafwr9vzwxk2sec.jpeg?q=70', 'https://rukminim1.flixcart.com/image/128/128/kgjqefk0-0/shirt/t/9/e/xl-1001-red-xl-atm-original-imafwr9vnpfpn4tv.jpeg?q=70', 'https://rukminim1.flixcart.com/image/128/128/kgjqefk0-0/shirt/1/l/q/xl-1001-red-xl-atm-original-imafwr9v5cbjr4zj.jpeg?q=70', 'https://rukminim1.flixcart.com/image/128/128/kgjqefk0-0/shirt/h/v/u/xl-1001-red-xl-atm-original-imafwr9v4mqkfjrt.jpeg?q=70']",FALSE,SHTFWR9VG3ZMHMJE,"[{'Pack of': '1'}, {'Style Code': '1001 RED_XL'}, {'Fit': 'Regular'}, {'Fabric': 'Pure Cotton'}, {'Sleeve': 'Full Sleeve'}, {'Pattern': 'Solid'}, {'Reversible': 'Yes'}, {'Collar': 'Mandarin'}, {'Color': 'Red'}, {'Fabric Care': 'Gentle Machine Wash'}, {'Suitable For': 'Western Wear'}, {'Hem': 'Curved'}]",ARYACITION,999,Topwear,Men Regular Fit Solid Mandarin Collar Casual Shirt,https://www.flipkart.com/atm-men-solid-casual-red-shirt/p/itmbfa3c0652fbb5?pid=SHTFWR9VG3ZMHMJE&lid=LSTSHTFWR9VG3ZMHMJEE0CIUV&marketplace=FLIPKART&srno=b_1_31&otracker=browse&fm=organic&iid=ca9986f0-ce96-424c-a712-8364f722f499.SHTFWR9VG3ZMHMJE.SEARCH&ssid=m4am6k5qyo0000001612096274880
632511dd-d51f-578f-b98f-1f3f85043ecc,"2,499",2.8,A,Clothing and Accessories,"02/11/2021, 00:34:11","ATM SHIRTS offers quality casual wear in the widest variety which makes it easy to choose, at prices that are easy to reach and excellent service support which makes shopping easy to enjoy. ATM SHIRTS products are made of premium fabrics to ensure the best quality and great comfort. ATM SHIRTS deals in Men's Printed T-Shirts, Full Sleeve T-shirts, Polo T-Shirts, shirts for Mens, Shirts and Jeans and we will be adding more products to keep you updated with trends. ATM SHIRTS keeps inventing to help you keep inventing exciting new experiences in your life!",60% off,"['https://rukminim1.flixcart.com/image/128/128/kgjqefk0-0/shirt/2/d/e/m-1003-blue-m-atm-original-imafwr9vapt5ptbe.jpeg?q=70', 'https://rukminim1.flixcart.com/image/128/128/kgjqefk0-0/shirt/0/l/h/m-1003-blue-m-atm-original-imafwr9venczzuch.jpeg?q=70', 'https://rukminim1.flixcart.com/image/128/128/kgjqefk0-0/shirt/j/d/1/m-1003-blue-m-atm-original-imafwr9vhy3pbzfh.jpeg?q=70', 'https://rukminim1.flixcart.com/image/128/128/kgjqefk0-0/shirt/w/f/z/m-1003-blue-m-atm-original-imafwr9vhphgdnk2.jpeg?q=70', 'https://rukminim1.flixcart.com/image/128/128/kgjqefk0-0/shirt/j/k/u/m-1003-blue-m-atm-original-imafwr9vkas4q3yb.jpeg?q=70', 'https://rukminim1.flixcart.com/image/128/128/kgjqefk0-0/shirt/z/p/a/m-1003-blue-m-atm-original-imafwr9vapppg6ga.jpeg?q=70']",FALSE,SHTFWR9XH2UPGJDS,"[{'Pack of': '1'}, {'Style Code': '1003 BLUE_S'}, {'Fit': 'Regular'}, {'Fabric': 'Pure Cotton'}, {'Sleeve': 'Full Sleeve'}, {'Pattern': 'Solid'}, {'Reversible': 'Yes'}, {'Color': 'Blue'}, {'Fabric Care': 'Gentle Machine Wash'}, {'Suitable For': 'Western Wear'}]",ARYACITION,999,Topwear,Men Regular Fit Solid Casual Shirt,https://www.flipkart.com/atm-men-solid-casual-blue-shirt/p/itm27332685309df?pid=SHTFWR9XH2UPGJDS&lid=LSTSHTFWR9XH2UPGJDSLRMS0M&marketplace=FLIPKART&srno=b_1_32&otracker=browse&fm=organic&iid=ca9986f0-ce96-424c-a712-8364f722f499.SHTFWR9XH2UPGJDS.SEARCH&ssid=m4am6k5qyo0000001612096274880
b557f4d6-5713-51cb-a4f5-267a55654841,"2,499",2.8,A,Clothing and Accessories,"02/11/2021, 00:34:11","ATM SHIRTS offers quality casual wear in the widest variety which makes it easy to choose, at prices that are easy to reach and excellent service support which makes shopping easy to enjoy. ATM SHIRTS products are made of premium fabrics to ensure the best quality and great comfort. ATM SHIRTS deals in Men's Printed T-Shirts, Full Sleeve T-shirts, Polo T-Shirts, shirts for Mens, Shirts and Jeans and we will be adding more products to keep you updated with trends. ATM SHIRTS keeps inventing to help you keep inventing exciting new experiences in your life!",60% off,"['https://rukminim1.flixcart.com/image/128/128/kgjqefk0-0/shirt/2/d/e/m-1003-blue-m-atm-original-imafwr9vapt5ptbe.jpeg?q=70', 'https://rukminim1.flixcart.com/image/128/128/kgjqefk0-0/shirt/0/l/h/m-1003-blue-m-atm-original-imafwr9venczzuch.jpeg?q=70', 'https://rukminim1.flixcart.com/image/128/128/kgjqefk0-0/shirt/j/d/1/m-1003-blue-m-atm-original-imafwr9vhy3pbzfh.jpeg?q=70', 'https://rukminim1.flixcart.com/image/128/128/kgjqefk0-0/shirt/w/f/z/m-1003-blue-m-atm-original-imafwr9vhphgdnk2.jpeg?q=70', 'https://rukminim1.flixcart.com/image/128/128/kgjqefk0-0/shirt/j/k/u/m-1003-blue-m-atm-original-imafwr9vkas4q3yb.jpeg?q=70', 'https://rukminim1.flixcart.com/image/128/128/kgjqefk0-0/shirt/z/p/a/m-1003-blue-m-atm-original-imafwr9vapppg6ga.jpeg?q=70']",FALSE,SHTFWR9VVWFMJBBT,"[{'Pack of': '1'}, {'Style Code': '1003 BLUE_L'}, {'Fit': 'Regular'}, {'Fabric': 'Pure Cotton'}, {'Sleeve': 'Full Sleeve'}, {'Pattern': 'Solid'}, {'Reversible': 'Yes'}, {'Collar': 'Mandarin'}, {'Color': 'Light Blue'}, {'Fabric Care': 'Gentle Machine Wash'}, {'Suitable For': 'Western Wear'}, {'Hem': 'Curved'}]",ARYACITION,999,Topwear,Men Regular Fit Solid Mandarin Collar Casual Shirt,https://www.flipkart.com/atm-men-solid-casual-light-blue-shirt/p/itm20b665fe61422?pid=SHTFWR9VVWFMJBBT&lid=LSTSHTFWR9VVWFMJBBT7VBINA&marketplace=FLIPKART&srno=b_1_33&otracker=browse&fm=organic&iid=ca9986f0-ce96-424c-a712-8364f722f499.SHTFWR9VVWFMJBBT.SEARCH&ssid=m4am6k5qyo0000001612096274880
808c3fe5-ea3c-559f-b366-bdc7efa5c266,"2,499",2.8,A,Clothing and Accessories,"02/11/2021, 00:34:12","ATM SHIRTS offers quality casual wear in the widest variety which makes it easy to choose, at prices that are easy to reach and excellent service support which makes shopping easy to enjoy. ATM SHIRTS products are made of premium fabrics to ensure the best quality and great comfort. ATM SHIRTS deals in Men's Printed T-Shirts, Full Sleeve T-shirts, Polo T-Shirts, shirts for Mens, Shirts and Jeans and we will be adding more products to keep you updated with trends. ATM SHIRTS keeps inventing to help you keep inventing exciting new experiences in your life!",64% off,"['https://rukminim1.flixcart.com/image/128/128/kgjqefk0-0/shirt/l/v/q/s-1005-navy-s-atm-original-imafwr9vrgcmcnn2.jpeg?q=70', 'https://rukminim1.flixcart.com/image/128/128/kgjqefk0-0/shirt/s/g/k/s-1005-navy-s-atm-original-imafwr9vbvqzxp2y.jpeg?q=70', 'https://rukminim1.flixcart.com/image/128/128/kgjqefk0-0/shirt/b/o/6/s-1005-navy-s-atm-original-imafwr9vkrhcgxsv.jpeg?q=70', 'https://rukminim1.flixcart.com/image/128/128/kgjqefk0-0/shirt/n/4/s/s-1005-navy-s-atm-original-imafwr9vpcbaxhh8.jpeg?q=70', 'https://rukminim1.flixcart.com/image/128/128/kgjqefk0-0/shirt/z/a/m/s-1005-navy-s-atm-original-imafwr9vj7z92ftk.jpeg?q=70']",FALSE,SHTFWSD33VYGGGXS,"[{'Pack of': '1'}, {'Style Code': '1004'}, {'Fit': 'Regular'}, {'Fabric': 'Pure Cotton'}, {'Sleeve': 'Full Sleeve'}, {'Pattern': 'Solid'}, {'Reversible': 'Yes'}, {'Color': 'Orange'}, {'Fabric Care': 'Gentle Machine Wash'}, {'Suitable For': 'Western Wear'}]",ARYACITION,899,Topwear,Men Regular Fit Solid Casual Shirt,https://www.flipkart.com/atm-men-solid-casual-orange-shirt/p/itmb67e1a7193fad?pid=SHTFWSD33VYGGGXS&lid=LSTSHTFWSD33VYGGGXSIDL1QW&marketplace=FLIPKART&srno=b_1_34&otracker=browse&fm=organic&iid=ca9986f0-ce96-424c-a712-8364f722f499.SHTFWSD33VYGGGXS.SEARCH&ssid=m4am6k5qyo0000001612096274880
97241a4b-07ff-5fdf-95de-ac4ef1112387,"2,499",2.8,A,Clothing and Accessories,"02/11/2021, 00:34:12","ATM SHIRTS offers quality casual wear in the widest variety which makes it easy to choose, at prices that are easy to reach and excellent service support which makes shopping easy to enjoy. ATM SHIRTS products are made of premium fabrics to ensure the best quality and great comfort. ATM SHIRTS deals in Men's Printed T-Shirts, Full Sleeve T-shirts, Polo T-Shirts, shirts for Mens, Shirts and Jeans and we will be adding more products to keep you updated with trends. ATM SHIRTS keeps inventing to help you keep inventing exciting new experiences in your life!",60% off,"['https://rukminim1.flixcart.com/image/128/128/kgjqefk0-0/shirt/2/d/e/m-1003-blue-m-atm-original-imafwr9vapt5ptbe.jpeg?q=70', 'https://rukminim1.flixcart.com/image/128/128/kgjqefk0-0/shirt/0/l/h/m-1003-blue-m-atm-original-imafwr9venczzuch.jpeg?q=70', 'https://rukminim1.flixcart.com/image/128/128/kgjqefk0-0/shirt/j/d/1/m-1003-blue-m-atm-original-imafwr9vhy3pbzfh.jpeg?q=70', 'https://rukminim1.flixcart.com/image/128/128/kgjqefk0-0/shirt/w/f/z/m-1003-blue-m-atm-original-imafwr9vhphgdnk2.jpeg?q=70', 'https://rukminim1.flixcart.com/image/128/128/kgjqefk0-0/shirt/j/k/u/m-1003-blue-m-atm-original-imafwr9vkas4q3yb.jpeg?q=70', 'https://rukminim1.flixcart.com/image/128/128/kgjqefk0-0/shirt/z/p/a/m-1003-blue-m-atm-original-imafwr9vapppg6ga.jpeg?q=70']",FALSE,SHTFWR9VXEZMYGPG,"[{'Pack of': '1'}, {'Style Code': '1003 BLUE_XL'}, {'Fit': 'Regular'}, {'Fabric': 'Pure Cotton'}, {'Sleeve': 'Full Sleeve'}, {'Pattern': 'Solid'}, {'Reversible': 'Yes'}, {'Color': 'Blue'}, {'Fabric Care': 'Gentle Machine Wash'}, {'Suitable For': 'Western Wear'}]",ARYACITION,999,Topwear,Men Regular Fit Solid Casual Shirt,https://www.flipkart.com/atm-men-solid-casual-blue-shirt/p/itm95e4e78f1ec50?pid=SHTFWR9VXEZMYGPG&lid=LSTSHTFWR9VXEZMYGPGQDCD3T&marketplace=FLIPKART&srno=b_1_35&otracker=browse&fm=organic&iid=ca9986f0-ce96-424c-a712-8364f722f499.SHTFWR9VXEZMYGPG.SEARCH&ssid=m4am6k5qyo0000001612096274880
abeaed53-18c1-556d-9f36-b1806153fb4a,"2,499",2.8,A,Clothing and Accessories,"02/11/2021, 00:34:13","ATM SHIRTS offers quality casual wear in the widest variety which makes it easy to choose, at prices that are easy to reach and excellent service support which makes shopping easy to enjoy. ATM SHIRTS products are made of premium fabrics to ensure the best quality and great comfort. ATM SHIRTS deals in Men's Printed T-Shirts, Full Sleeve T-shirts, Polo T-Shirts, shirts for Mens, Shirts and Jeans and we will be adding more products to keep you updated with trends. ATM SHIRTS keeps inventing to help you keep inventing exciting new experiences in your life!",60% off,"['https://rukminim1.flixcart.com/image/128/128/kgjqefk0-0/shirt/n/g/o/xl-1001-red-xl-atm-original-imafwr9vzwxk2sec.jpeg?q=70', 'https://rukminim1.flixcart.com/image/128/128/kgjqefk0-0/shirt/e/t/7/xl-1001-red-xl-atm-original-imafwr9v6pfbpny3.jpeg?q=70', 'https://rukminim1.flixcart.com/image/128/128/kgjqefk0-0/shirt/9/a/m/xl-1001-red-xl-atm-original-imafwr9vdftg7n9t.jpeg?q=70', 'https://rukminim1.flixcart.com/image/128/128/kgjqefk0-0/shirt/t/9/e/xl-1001-red-xl-atm-original-imafwr9vnpfpn4tv.jpeg?q=70', 'https://rukminim1.flixcart.com/image/128/128/kgjqefk0-0/shirt/1/l/q/xl-1001-red-xl-atm-original-imafwr9v5cbjr4zj.jpeg?q=70', 'https://rukminim1.flixcart.com/image/128/128/kgjqefk0-0/shirt/h/v/u/xl-1001-red-xl-atm-original-imafwr9v4mqkfjrt.jpeg?q=70']",FALSE,SHTFWR9X6EG26YDH,"[{'Pack of': '1'}, {'Style Code': '1001 RED_M'}, {'Fit': 'Regular'}, {'Fabric': 'Pure Cotton'}, {'Sleeve': 'Full Sleeve'}, {'Pattern': 'Solid'}, {'Reversible': 'Yes'}, {'Color': 'Red'}, {'Fabric Care': 'Gentle Machine Wash'}, {'Suitable For': 'Western Wear'}]",ARYACITION,999,Topwear,Men Regular Fit Solid Casual Shirt,https://www.flipkart.com/atm-men-solid-casual-red-shirt/p/itm5a5047b0b8d99?pid=SHTFWR9X6EG26YDH&lid=LSTSHTFWR9X6EG26YDHSZXMWI&marketplace=FLIPKART&srno=b_1_36&otracker=browse&fm=organic&iid=ca9986f0-ce96-424c-a712-8364f722f499.SHTFWR9X6EG26YDH.SEARCH&ssid=m4am6k5qyo0000001612096274880
b0e06650-250a-521b-8077-6ecca36cafb4,"2,499",,A,Clothing and Accessories,"02/11/2021, 00:34:13","ATM SHIRTS offers quality casual wear in the widest variety which makes it easy to choose, at prices that are easy to reach and excellent service support which makes shopping easy to enjoy. ATM SHIRTS products are made of premium fabrics to ensure the best quality and great comfort. ATM SHIRTS deals in Men's Printed T-Shirts, Full Sleeve T-shirts, Polo T-Shirts, shirts for Mens, Shirts and Jeans and we will be adding more products to keep you updated with trends. ATM SHIRTS keeps inventing to help you keep inventing exciting new experiences in your life!",64% off,"['https://rukminim1.flixcart.com/image/128/128/kgjqefk0-0/shirt/f/a/r/m-1004-yellow-m-atm-original-imafwr9vzuxynazj.jpeg?q=70', 'https://rukminim1.flixcart.com/image/128/128/kgjqefk0-0/shirt/l/v/b/m-1004-yellow-m-atm-original-imafwr9vcfph8bgb.jpeg?q=70', 'https://rukminim1.flixcart.com/image/128/128/kgjqefk0-0/shirt/o/k/2/m-1004-yellow-m-atm-original-imafwr9vggyzz3gz.jpeg?q=70', 'https://rukminim1.flixcart.com/image/128/128/kgjqefk0-0/shirt/b/t/f/m-1004-yellow-m-atm-original-imafwr9vtzymw9yr.jpeg?q=70', 'https://rukminim1.flixcart.com/image/128/128/kgjqefk0-0/shirt/t/a/p/m-1004-yellow-m-atm-original-imafwr9vyygdpnhy.jpeg?q=70']",TRUE,SHTFWSD3JFZQRGE5,"[{'Pack of': '1'}, {'Style Code': '1004'}, {'Fit': 'Regular'}, {'Fabric': 'Pure Cotton'}, {'Sleeve': 'Full Sleeve'}, {'Pattern': 'Solid'}, {'Reversible': 'Yes'}, {'Color': 'Orange'}, {'Fabric Care': 'Gentle Machine Wash'}, {'Suitable For': 'Western Wear'}]",,899,Topwear,Men Regular Fit Solid Casual Shirt,https://www.flipkart.com/atm-men-solid-casual-orange-shirt/p/itm6e53a7bf9fe43?pid=SHTFWSD3JFZQRGE5&lid=LSTSHTFWSD3JFZQRGE5ZDOYVP&marketplace=FLIPKART&srno=b_1_37&otracker=browse&fm=organic&iid=ca9986f0-ce96-424c-a712-8364f722f499.SHTFWSD3JFZQRGE5.SEARCH&ssid=m4am6k5qyo0000001612096274880
4c09bef8-fb34-5b2d-be8d-add2ac39b746,"2,999",2.8,A,Clothing and Accessories,"02/11/2021, 00:34:14","ATM SHIRTS offers quality casual wear in the widest variety which makes it easy to choose, at prices that are easy to reach and excellent service support which makes shopping easy to enjoy. ATM SHIRTS products are made of premium fabrics to ensure the best quality and great comfort. ATM SHIRTS deals in Men's Printed T-Shirts, Full Sleeve T-shirts, Polo T-Shirts, shirts for Mens, Shirts and Jeans and we will be adding more products to keep you updated with trends. ATM SHIRTS keeps inventing to help you keep inventing exciting new experiences in your life!",66% off,"['https://rukminim1.flixcart.com/image/128/128/k612pow0/shirt/4/g/p/xl-m21-3029-ltt-blue-forever-young-original-imafzh388ag5v94g.jpeg?q=70', 'https://rukminim1.flixcart.com/image/128/128/k612pow0/shirt/4/g/p/m-m21-3029-ltt-blue-forever-young-original-imafnytaeyafunny.jpeg?q=70', 'https://rukminim1.flixcart.com/image/128/128/k612pow0/shirt/4/g/p/xxl-m21-3029-ltt-blue-forever-young-original-imafnytaqyazxtzv.jpeg?q=70', 'https://rukminim1.flixcart.com/image/128/128/k612pow0/shirt/4/g/p/xxl-m21-3029-ltt-blue-forever-young-original-imafnytazhcftxsx.jpeg?q=70', 'https://rukminim1.flixcart.com/image/128/128/k612pow0/shirt/4/g/p/m-m21-3029-ltt-blue-forever-young-original-imafnytaa65musfq.jpeg?q=70']",FALSE,SHTFW5F2RMSUZBYY,"[{'Pack of': '1'}, {'Style Code': '3029_XL'}, {'Closure': 'Button'}, {'Fit': 'Regular'}, {'Fabric': 'Denim'}, {'Sleeve': 'Full Sleeve'}, {'Pattern': 'Solid'}, {'Reversible': 'No'}, {'Collar': 'Spread'}, {'Color': 'Light Blue'}, {'Fabric Care': 'Gentle Machine Wash'}, {'Suitable For': 'Western Wear'}, {'Hem': 'Curved'}]",ARYACITION,999,Topwear,Men Regular Fit Solid Spread Collar Casual Shirt,https://www.flipkart.com/atm-men-solid-casual-light-blue-shirt/p/itma85137f39932d?pid=SHTFW5F2RMSUZBYY&lid=LSTSHTFW5F2RMSUZBYYRJTMH3&marketplace=FLIPKART&srno=b_1_38&otracker=browse&fm=organic&iid=ca9986f0-ce96-424c-a712-8364f722f499.SHTFW5F2RMSUZBYY.SEARCH&ssid=m4am6k5qyo0000001612096274880
fcab2aed-3e77-5fa9-a373-218d99ec53e0,"2,999",2.8,A,Clothing and Accessories,"02/11/2021, 00:34:15","ATM SHIRTS offers quality casual wear in the widest variety which makes it easy to choose, at prices that are easy to reach and excellent service support which makes shopping easy to enjoy. ATM SHIRTS products are made of premium fabrics to ensure the best quality and great comfort. ATM SHIRTS deals in Men's Printed T-Shirts, Full Sleeve T-shirts, Polo T-Shirts, shirts for Mens, Shirts and Jeans and we will be adding more products to keep you updated with trends. ATM SHIRTS keeps inventing to help you keep inventing exciting new experiences in your life!",66% off,"['https://rukminim1.flixcart.com/image/128/128/kfr5le80-0/shirt/t/j/i/l-3053-l-atm-original-imafw5yqg9qwemqf.jpeg?q=70', 'https://rukminim1.flixcart.com/image/128/128/k612pow0/shirt/c/j/r/l-m24-3053-blue-forever-young-original-imafnxskgc8svs4p.jpeg?q=70', 'https://rukminim1.flixcart.com/image/128/128/k612pow0/shirt/c/j/r/l-m24-3053-blue-forever-young-original-imafnxsk5jzbdazh.jpeg?q=70', 'https://rukminim1.flixcart.com/image/128/128/k612pow0/shirt/c/j/r/xxl-m24-3053-blue-forever-young-original-imafnxsktujvkhxh.jpeg?q=70', 'https://rukminim1.flixcart.com/image/128/128/k612pow0/shirt/c/j/r/l-m24-3053-blue-forever-young-original-imafnxskpjencmx7.jpeg?q=70']",FALSE,SHTFW5YQCHKSFFMH,"[{'Pack of': '1'}, {'Style Code': '3053_S'}, {'Closure': 'Button'}, {'Fit': 'Regular'}, {'Fabric': 'Denim'}, {'Sleeve': 'Half Sleeve'}, {'Pattern': 'Solid'}, {'Reversible': 'No'}, {'Collar': 'Spread'}, {'Color': 'Dark Blue'}, {'Fabric Care': 'Gentle Machine Wash'}, {'Suitable For': 'Western Wear'}, {'Hem': 'Curved'}]",ARYACITION,999,Topwear,Men Regular Fit Solid Spread Collar Casual Shirt,https://www.flipkart.com/atm-men-solid-casual-dark-blue-shirt/p/itmddcd81236feef?pid=SHTFW5YQCHKSFFMH&lid=LSTSHTFW5YQCHKSFFMHYQ0VRU&marketplace=FLIPKART&srno=b_1_40&otracker=browse&fm=organic&iid=ca9986f0-ce96-424c-a712-8364f722f499.SHTFW5YQCHKSFFMH.SEARCH&ssid=m4am6k5qyo0000001612096274880
648c0004-7bd2-5c2b-a4b2-e86f751cfc59,"2,499",2.8,A,Clothing and Accessories,"02/11/2021, 00:34:16","ATM SHIRTS offers quality casual wear in the widest variety which makes it easy to choose, at prices that are easy to reach and excellent service support which makes shopping easy to enjoy. ATM SHIRTS products are made of premium fabrics to ensure the best quality and great comfort. ATM SHIRTS deals in Men's Printed T-Shirts, Full Sleeve T-shirts, Polo T-Shirts, shirts for Mens, Shirts and Jeans and we will be adding more products to keep you updated with trends. ATM SHIRTS keeps inventing to help you keep inventing exciting new experiences in your life!",64% off,"['https://rukminim1.flixcart.com/image/128/128/kgjqefk0-0/shirt/n/g/o/xl-1001-red-xl-atm-original-imafwr9vzwxk2sec.jpeg?q=70', 'https://rukminim1.flixcart.com/image/128/128/kgjqefk0-0/shirt/e/t/7/xl-1001-red-xl-atm-original-imafwr9v6pfbpny3.jpeg?q=70', 'https://rukminim1.flixcart.com/image/128/128/kgjqefk0-0/shirt/9/a/m/xl-1001-red-xl-atm-original-imafwr9vdftg7n9t.jpeg?q=70', 'https://rukminim1.flixcart.com/image/128/128/kgjqefk0-0/shirt/t/9/e/xl-1001-red-xl-atm-original-imafwr9vnpfpn4tv.jpeg?q=70', 'https://rukminim1.flixcart.com/image/128/128/kgjqefk0-0/shirt/1/l/q/xl-1001-red-xl-atm-original-imafwr9v5cbjr4zj.jpeg?q=70', 'https://rukminim1.flixcart.com/image/128/128/kgjqefk0-0/shirt/h/v/u/xl-1001-red-xl-atm-original-imafwr9v4mqkfjrt.jpeg?q=70']",FALSE,SHTFWR9XZKZFT3HZ,"[{'Pack of': '1'}, {'Style Code': '1001 RED_L'}, {'Fit': 'Regular'}, {'Fabric': 'Pure Cotton'}, {'Sleeve': 'Full Sleeve'}, {'Pattern': 'Solid'}, {'Reversible': 'Yes'}, {'Color': 'Red'}, {'Fabric Care': 'Gentle Machine Wash'}, {'Suitable For': 'Western Wear'}]",ARYACITION,891,Topwear,Men Regular Fit Solid Casual Shirt,https://www.flipkart.com/atm-men-solid-casual-red-shirt/p/itmbde7ebcc21ff3?pid=SHTFWR9XZKZFT3HZ&lid=LSTSHTFWR9XZKZFT3HZMRVHCN&marketplace=FLIPKART&srno=b_2_41&otracker=browse&fm=organic&iid=ea14bd92-4b63-4f4b-bff5-93ad099517c6.SHTFWR9XZKZFT3HZ.SEARCH&ssid=zgdmhk02740000001612096275623
691a16e8-87b0-5766-b68a-53b4ef2bba64,"2,999",2.8,A,Clothing and Accessories,"02/11/2021, 00:34:16","ATM SHIRTS offers quality casual wear in the widest variety which makes it easy to choose, at prices that are easy to reach and excellent service support which makes shopping easy to enjoy. ATM SHIRTS products are made of premium fabrics to ensure the best quality and great comfort. ATM SHIRTS deals in Men's Printed T-Shirts, Full Sleeve T-shirts, Polo T-Shirts, shirts for Mens, Shirts and Jeans and we will be adding more products to keep you updated with trends. ATM SHIRTS keeps inventing to help you keep inventing exciting new experiences in your life!",66% off,"['https://rukminim1.flixcart.com/image/128/128/k62i5jk0/shirt/y/n/3/xl-m18-3026-ltt-blue-forever-young-original-imafzhb5pmjr9dex.jpeg?q=70', 'https://rukminim1.flixcart.com/image/128/128/k62i5jk0/shirt/y/n/3/m-m18-3026-ltt-blue-forever-young-original-imafnysyx8p2kz5w.jpeg?q=70', 'https://rukminim1.flixcart.com/image/128/128/k62i5jk0/shirt/y/n/3/s-m18-3026-ltt-blue-forever-young-original-imafnysy3fmkhyk9.jpeg?q=70', 'https://rukminim1.flixcart.com/image/128/128/k62i5jk0/shirt/y/n/3/xxl-m18-3026-ltt-blue-forever-young-original-imafnysyb9bqtgym.jpeg?q=70', 'https://rukminim1.flixcart.com/image/128/128/k58hwnk0/shirt/c/a/n/xxl-3026-grand-stitch-original-imafnysytamkm2r9.jpeg?q=70', 'https://rukminim1.flixcart.com/image/128/128/k62i5jk0/shirt/y/n/3/l-m18-3026-ltt-blue-forever-young-original-imafzhb55zehzvur.jpeg?q=70', 'https://rukminim1.flixcart.com/image/128/128/k62i5jk0/shirt/y/n/3/m-m18-3026-ltt-blue-forever-young-original-imafzhb5zg7rqwpu.jpeg?q=70']",FALSE,SHTFW5YQHKJHXKCG,"[{'Pack of': '1'}, {'Style Code': '3026_XXL'}, {'Closure': 'Button'}, {'Fit': 'Regular'}, {'Fabric': 'Denim'}, {'Sleeve': 'Full Sleeve'}, {'Pattern': 'Washed'}, {'Reversible': 'No'}, {'Collar': 'Spread'}, {'Color': 'Blue'}, {'Fabric Care': 'Gentle Machine Wash'}, {'Suitable For': 'Western Wear'}, {'Hem': 'Curved'}]",ARYACITION,999,Topwear,Men Regular Fit Washed Spread Collar Casual Shirt,https://www.flipkart.com/atm-men-washed-casual-blue-shirt/p/itmd981121e7d1b9?pid=SHTFW5YQHKJHXKCG&lid=LSTSHTFW5YQHKJHXKCGW0ZLKL&marketplace=FLIPKART&srno=b_2_42&otracker=browse&fm=organic&iid=ea14bd92-4b63-4f4b-bff5-93ad099517c6.SHTFW5YQHKJHXKCG.SEARCH&ssid=zgdmhk02740000001612096275623
c23401c7-10f0-5a6e-a486-18b0c5c8351e,"2,999",2.8,A,Clothing and Accessories,"02/11/2021, 00:34:21","ATM SHIRTS offers quality casual wear in the widest variety which makes it easy to choose, at prices that are easy to reach and excellent service support which makes shopping easy to enjoy. ATM SHIRTS products are made of premium fabrics to ensure the best quality and great comfort. ATM SHIRTS deals in Men's Printed T-Shirts, Full Sleeve T-shirts, Polo T-Shirts, shirts for Mens, Shirts and Jeans and we will be adding more products to keep you updated with trends. ATM SHIRTS keeps inventing to help you keep inventing exciting new experiences in your life!",66% off,"['https://rukminim1.flixcart.com/image/128/128/kfr5le80-0/shirt/k/z/8/xl-3049-xl-atm-original-imafw5yq7auhfeyr.jpeg?q=70', 'https://rukminim1.flixcart.com/image/128/128/k62i5jk0/shirt/t/u/h/l-m22-3049-sky-blue-forever-young-original-imafnxskgcaagywk.jpeg?q=70', 'https://rukminim1.flixcart.com/image/128/128/k62i5jk0/shirt/t/u/h/m-m22-3049-sky-blue-forever-young-original-imafnxskmu8mp8kk.jpeg?q=70', 'https://rukminim1.flixcart.com/image/128/128/k62i5jk0/shirt/t/u/h/s-m22-3049-sky-blue-forever-young-original-imafnxsk4gqetbxy.jpeg?q=70', 'https://rukminim1.flixcart.com/image/128/128/k62i5jk0/shirt/t/u/h/xl-m22-3049-sky-blue-forever-young-original-imafnxskjvkduvzu.jpeg?q=70']",FALSE,SHTFW5YQBHTHZYYF,"[{'Pack of': '1'}, {'Style Code': '3049_S'}, {'Closure': 'Button'}, {'Fit': 'Regular'}, {'Fabric': 'Denim'}, {'Sleeve': 'Full Sleeve'}, {'Pattern': 'Washed'}, {'Reversible': 'No'}, {'Collar': 'Spread'}, {'Color': 'Blue'}, {'Fabric Care': 'Gentle Machine Wash'}, {'Suitable For': 'Western Wear'}, {'Hem': 'Curved'}]",ARYACITION,999,Topwear,Men Regular Fit Washed Spread Collar Casual Shirt,https://www.flipkart.com/atm-men-washed-casual-blue-shirt/p/itm197eacf154dbc?pid=SHTFW5YQBHTHZYYF&lid=LSTSHTFW5YQBHTHZYYFETXSY9&marketplace=FLIPKART&srno=b_2_51&otracker=browse&fm=organic&iid=ea14bd92-4b63-4f4b-bff5-93ad099517c6.SHTFW5YQBHTHZYYF.SEARCH&ssid=zgdmhk02740000001612096275623
e8b6119e-0b3a-5d60-96bc-d73743fa72f4,"2,999",2.8,A,Clothing and Accessories,"02/11/2021, 00:34:23","ATM SHIRTS offers quality casual wear in the widest variety which makes it easy to choose, at prices that are easy to reach and excellent service support which makes shopping easy to enjoy. ATM SHIRTS products are made of premium fabrics to ensure the best quality and great comfort. ATM SHIRTS deals in Men's Printed T-Shirts, Full Sleeve T-shirts, Polo T-Shirts, shirts for Mens, Shirts and Jeans and we will be adding more products to keep you updated with trends. ATM SHIRTS keeps inventing to help you keep inventing exciting new experiences in your life!",66% off,"['https://rukminim1.flixcart.com/image/128/128/kfr5le80-0/shirt/g/9/r/s-3030-s-atm-original-imafw5yqk6nkfjzx.jpeg?q=70', 'https://rukminim1.flixcart.com/image/128/128/k612pow0/shirt/p/q/u/xxl-m20-3021-dk-blue-forever-young-original-imafnryauqwgtrcd.jpeg?q=70', 'https://rukminim1.flixcart.com/image/128/128/k612pow0/shirt/d/j/r/s-m21-3030-dk-blue-forever-young-original-imafnytauztcghbh.jpeg?q=70', 'https://rukminim1.flixcart.com/image/128/128/k612pow0/shirt/d/j/r/xl-m21-3030-dk-blue-forever-young-original-imafnytaw6x6dq47.jpeg?q=70', 'https://rukminim1.flixcart.com/image/128/128/k612pow0/shirt/d/j/r/xl-m21-3030-dk-blue-forever-young-original-imafnytagg78aagj.jpeg?q=70']",FALSE,SHTFW5F22V4STJVN,"[{'Pack of': '1'}, {'Style Code': '3030_L'}, {'Closure': 'Button'}, {'Fit': 'Regular'}, {'Fabric': 'Denim'}, {'Sleeve': 'Full Sleeve'}, {'Pattern': 'Solid'}, {'Reversible': 'No'}, {'Collar': 'Slim'}, {'Color': 'Blue'}, {'Fabric Care': 'Gentle Machine Wash'}, {'Suitable For': 'Western Wear'}, {'Hem': 'Curved'}]",ARYACITION,999,Topwear,Men Regular Fit Solid Slim Collar Casual Shirt,https://www.flipkart.com/atm-men-solid-casual-blue-shirt/p/itme7bde20ac17ca?pid=SHTFW5F22V4STJVN&lid=LSTSHTFW5F22V4STJVNFQZIYT&marketplace=FLIPKART&srno=b_2_56&otracker=browse&fm=organic&iid=ea14bd92-4b63-4f4b-bff5-93ad099517c6.SHTFW5F22V4STJVN.SEARCH&ssid=zgdmhk02740000001612096275623
,,,,,,,,,,,,,,,,
,,,,,,,,,,,,,,,,
,,,,,,,,,,,,,,,,
,,,,,,,,,,,,,,,,
,,,,,,,,,,,,,,,,
,,,,,,,,,,,,,,,,
,,,,,,,,,,,,,,,,
,,,,,,,,,,,,,,,,
,,,,,,,,,,,,,,,,
,,,,,,,,,,,,,,,,
,,,,,,,,,,,,,,,,
,,,,,,,,,,,,,,,,
,,,,,,,,,,,,,,,,
,,,,,,,,,,,,,,,,
,,,,,,,,,,,,,,,,
,,,,,,,,,,,,,,,,
,,,,,,,,,,,,,,,,
,,,,,,,,,,,,,,,,
,,,,,,,,,,,,,,,,
,,,,,,,,,,,,,,,,
,,,,,,,,,,,,,,,,
,,,,,,,,,,,,,,,,
,,,,,,,,,,,,,,,,
,,,,,,,,,,,,,,,,
,,,,,,,,,,,,,,,,
,,,,,,,,,,,,,,,,
,,,,,,,,,,,,,,,,
,,,,,,,,,,,,,,,,
,,,,,,,,,,,,,,,,
,,,,,,,,,,,,,,,,
,,,,,,,,,,,,,,,,
,,,,,,,,,,,,,,,,
,,,,,,,,,,,,,,,,
,,,,,,,,,,,,,,,,
,,,,,,,,,,,,,,,,
,,,,,,,,,,,,,,,,
,,,,,,,,,,,,,,,,
,,,,,,,,,,,,,,,,
,,,,,,,,,,,,,,,,
,,,,,,,,,,,,,,,,
,,,,,,,,,,,,,,,,
,,,,,,,,,,,,,,,,
,,,,,,,,,,,,,,,,
,,,,,,,,,,,,,,,,
,,,,,,,,,,,,,,,,
,,,,,,,,,,,,,,,,
,,,,,,,,,,,,,,,,
,,,,,,,,,,,,,,,,
,,,,,,,,,,,,,,,,
,,,,,,,,,,,,,,,,
,,,,,,,,,,,,,,,,
,,,,,,,,,,,,,,,,
,,,,,,,,,,,,,,,,
,,,,,,,,,,,,,,,,
,,,,,,,,,,,,,,,,
,,,,,,,,,,,,,,,,
,,,,,,,,,,,,,,,,
,,,,,,,,,,,,,,,,
,,,,,,,,,,,,,,,,
,,,,,,,,,,,,,,,,
,,,,,,,,,,,,,,,,
,,,,,,,,,,,,,,,,
,,,,,,,,,,,,,,,,
,,,,,,,,,,,,,,,,
,,,,,,,,,,,,,,,,
,,,,,,,,,,,,,,,,
,,,,,,,,,,,,,,,,
,,,,,,,,,,,,,,,,
,,,,,,,,,,,,,,,,
,,,,,,,,,,,,,,,,
,,,,,,,,,,,,,,,,
,,,,,,,,,,,,,,,,
,,,,,,,,,,,,,,,,
,,,,,,,,,,,,,,,,
,,,,,,,,,,,,,,,,
,,,,,,,,,,,,,,,,
,,,,,,,,,,,,,,,,
,,,,,,,,,,,,,,,,
,,,,,,,,,,,,,,,,
,,,,,,,,,,,,,,,,
,,,,,,,,,,,,,,,,
,,,,,,,,,,,,,,,,
,,,,,,,,,,,,,,,,
,,,,,,,,,,,,,,,,
,,,,,,,,,,,,,,,,
,,,,,,,,,,,,,,,,
,,,,,,,,,,,,,,,,
,,,,,,,,,,,,,,,,
,,,,,,,,,,,,,,,,
,,,,,,,,,,,,,,,,
,,,,,,,,,,,,,,,,
,,,,,,,,,,,,,,,,
,,,,,,,,,,,,,,,,
,,,,,,,,,,,,,,,,
,,,,,,,,,,,,,,,,
,,,,,,,,,,,,,,,,
,,,,,,,,,,,,,,,,
,,,,,,,,,,,,,,,,
,,,,,,,,,,,,,,,,
,,,,,,,,,,,,,,,,
,,,,,,,,,,,,,,,,
,,,,,,,,,,,,,,,,
,,,,,,,,,,,,,,,,
,,,,,,,,,,,,,,,,
,,,,,,,,,,,,,,,,
,,,,,,,,,,,,,,,,
,,,,,,,,,,,,,,,,
,,,,,,,,,,,,,,,,
,,,,,,,,,,,,,,,,
,,,,,,,,,,,,,,,,
,,,,,,,,,,,,,,,,
,,,,,,,,,,,,,,,,
,,,,,,,,,,,,,,,,
,,,,,,,,,,,,,,,,
,,,,,,,,,,,,,,,,
,,,,,,,,,,,,,,,,
,,,,,,,,,,,,,,,,
,,,,,,,,,,,,,,,,
,,,,,,,,,,,,,,,,
,,,,,,,,,,,,,,,,
,,,,,,,,,,,,,,,,
,,,,,,,,,,,,,,,,
,,,,,,,,,,,,,,,,
,,,,,,,,,,,,,,,,
,,,,,,,,,,,,,,,,
,,,,,,,,,,,,,,,,
,,,,,,,,,,,,,,,,
,,,,,,,,,,,,,,,,
,,,,,,,,,,,,,,,,
,,,,,,,,,,,,,,,,
,,,,,,,,,,,,,,,,
,,,,,,,,,,,,,,,,
,,,,,,,,,,,,,,,,
,,,,,,,,,,,,,,,,
,,,,,,,,,,,,,,,,
,,,,,,,,,,,,,,,,
,,,,,,,,,,,,,,,,
,,,,,,,,,,,,,,,,
,,,,,,,,,,,,,,,,
,,,,,,,,,,,,,,,,
,,,,,,,,,,,,,,,,
,,,,,,,,,,,,,,,,
,,,,,,,,,,,,,,,,
,,,,,,,,,,,,,,,,
,,,,,,,,,,,,,,,,
,,,,,,,,,,,,,,,,
,,,,,,,,,,,,,,,,
,,,,,,,,,,,,,,,,
,,,,,,,,,,,,,,,,
,,,,,,,,,,,,,,,,
,,,,,,,,,,,,,,,,
,,,,,,,,,,,,,,,,
,,,,,,,,,,,,,,,,
,,,,,,,,,,,,,,,,
,,,,,,,,,,,,,,,,
,,,,,,,,,,,,,,,,
,,,,,,,,,,,,,,,,
,,,,,,,,,,,,,,,,
,,,,,,,,,,,,,,,,
,,,,,,,,,,,,,,,,
,,,,,,,,,,,,,,,,
,,,,,,,,,,,,,,,,
,,,,,,,,,,,,,,,,
,,,,,,,,,,,,,,,,
,,,,,,,,,,,,,,,,
,,,,,,,,,,,,,,,,
,,,,,,,,,,,,,,,,
,,,,,,,,,,,,,,,,
